
        INSERT INTO users (id, nama_lengkap, username, role, password, no_tel, alamat, jenis_kelamin, status, sebagai, forgot, created_at, updated_at)
        VALUES ('49edbbca-aaf2-4f36-9377-00e544b2a1c0', 'Bahri', 'bahri', 'user', '$2y$12$5VYac2Kqo.LlcIZl9oiwTOBh7z/9LoRmsaz511vMxCVavy6PxV91i', '-', 'Canggung Kec. Rajabasa Lampung Selatan', 'Perempuan', '1', 'ortu', '0', NOW(), NOW())
        ON DUPLICATE KEY UPDATE id=id;


        INSERT INTO users (id, nama_lengkap, username, role, password, no_tel, alamat, jenis_kelamin, status, sebagai, forgot, created_at, updated_at)
        VALUES ('0c98df29-1cb8-44ab-aa4b-8a29ba289d20', 'Sudarno (alm)', 'sudarno(alm)', 'user', '$2y$12$5VYac2Kqo.LlcIZl9oiwTOBh7z/9LoRmsaz511vMxCVavy6PxV91i', '-', 'Talang Jawa Kec. Batu Raja Barat OKU', 'Perempuan', '1', 'ortu', '0', NOW(), NOW())
        ON DUPLICATE KEY UPDATE id=id;


        INSERT INTO users (id, nama_lengkap, username, role, password, no_tel, alamat, jenis_kelamin, status, sebagai, forgot, created_at, updated_at)
        VALUES ('a4c8ef41-f8c6-41c8-b7fe-473edcba668f', 'Muhamad KS', 'muhamadks', 'user', '$2y$12$5VYac2Kqo.LlcIZl9oiwTOBh7z/9LoRmsaz511vMxCVavy6PxV91i', '-', 'Cugung Kec. Raja Basa Lam-Sel', 'Laki-laki', '1', 'ortu', '0', NOW(), NOW())
        ON DUPLICATE KEY UPDATE id=id;


        INSERT INTO users (id, nama_lengkap, username, role, password, no_tel, alamat, jenis_kelamin, status, sebagai, forgot, created_at, updated_at)
        VALUES ('38da03c9-356d-49c6-95d2-4aa7b5047809', 'Mad Sandir', 'madsandir', 'user', '$2y$12$5VYac2Kqo.LlcIZl9oiwTOBh7z/9LoRmsaz511vMxCVavy6PxV91i', '-', 'Munjuk Sampurna Jaya Lam-Sel ', 'Laki-laki', '1', 'ortu', '0', NOW(), NOW())
        ON DUPLICATE KEY UPDATE id=id;


        INSERT INTO users (id, nama_lengkap, username, role, password, no_tel, alamat, jenis_kelamin, status, sebagai, forgot, created_at, updated_at)
        VALUES ('1720cc40-1bc2-4bd8-bda3-283998ab158c', 'Madrus', 'madrus', 'user', '$2y$12$5VYac2Kqo.LlcIZl9oiwTOBh7z/9LoRmsaz511vMxCVavy6PxV91i', '-', 'Kalianda Lampung Selatan ', 'Laki-laki', '1', 'ortu', '0', NOW(), NOW())
        ON DUPLICATE KEY UPDATE id=id;


        INSERT INTO users (id, nama_lengkap, username, role, password, no_tel, alamat, jenis_kelamin, status, sebagai, forgot, created_at, updated_at)
        VALUES ('4a83c4af-5c14-4621-a3eb-19f7326a092b', 'Syarippuddin', 'syarippuddin', 'user', '$2y$12$5VYac2Kqo.LlcIZl9oiwTOBh7z/9LoRmsaz511vMxCVavy6PxV91i', '-', 'Canggung Kec. Rajabasa Lampung Selatan', 'Laki-laki', '1', 'ortu', '0', NOW(), NOW())
        ON DUPLICATE KEY UPDATE id=id;


        INSERT INTO users (id, nama_lengkap, username, role, password, no_tel, alamat, jenis_kelamin, status, sebagai, forgot, created_at, updated_at)
        VALUES ('69f27637-286c-4327-8329-d77ab702fc51', 'Cucu Yusup', 'cucuyusup', 'user', '$2y$12$5VYac2Kqo.LlcIZl9oiwTOBh7z/9LoRmsaz511vMxCVavy6PxV91i', '-', 'Munjuk Sampurna Kec. Kalianda Lam-Sel', 'Perempuan', '1', 'ortu', '0', NOW(), NOW())
        ON DUPLICATE KEY UPDATE id=id;


        INSERT INTO users (id, nama_lengkap, username, role, password, no_tel, alamat, jenis_kelamin, status, sebagai, forgot, created_at, updated_at)
        VALUES ('dcbb6bf9-ddc8-45e2-bad5-6f12de547a35', 'Naswira', 'naswira', 'user', '$2y$12$5VYac2Kqo.LlcIZl9oiwTOBh7z/9LoRmsaz511vMxCVavy6PxV91i', '-', 'Cugung Kec. Rajabasa Lampung Selatan', 'Perempuan', '1', 'ortu', '0', NOW(), NOW())
        ON DUPLICATE KEY UPDATE id=id;


        INSERT INTO users (id, nama_lengkap, username, role, password, no_tel, alamat, jenis_kelamin, status, sebagai, forgot, created_at, updated_at)
        VALUES ('088be2b4-d80a-419c-b79b-66f5afbe4ed3', 'Kasino', 'kasino', 'user', '$2y$12$5VYac2Kqo.LlcIZl9oiwTOBh7z/9LoRmsaz511vMxCVavy6PxV91i', '-', 'Kerinjing Kec. Rajabasa Lampung Selatan', 'Laki-laki', '1', 'ortu', '0', NOW(), NOW())
        ON DUPLICATE KEY UPDATE id=id;


        INSERT INTO users (id, nama_lengkap, username, role, password, no_tel, alamat, jenis_kelamin, status, sebagai, forgot, created_at, updated_at)
        VALUES ('8752d4ea-1393-4ea7-8bc3-fb1435f1846b', 'Sairah', 'sairah', 'user', '$2y$12$5VYac2Kqo.LlcIZl9oiwTOBh7z/9LoRmsaz511vMxCVavy6PxV91i', '-', 'Cugung Kec. Rajabasa Lampung Selatan', 'Laki-laki', '1', 'ortu', '0', NOW(), NOW())
        ON DUPLICATE KEY UPDATE id=id;


        INSERT INTO users (id, nama_lengkap, username, role, password, no_tel, alamat, jenis_kelamin, status, sebagai, forgot, created_at, updated_at)
        VALUES ('af4ebd89-d0fb-40a2-b80b-4dda8d0ac246', 'Nursiah', 'nursiah', 'user', '$2y$12$5VYac2Kqo.LlcIZl9oiwTOBh7z/9LoRmsaz511vMxCVavy6PxV91i', '-', 'Palembapang Kec. Kalianda Lam-Sel', 'Laki-laki', '1', 'ortu', '0', NOW(), NOW())
        ON DUPLICATE KEY UPDATE id=id;


        INSERT INTO users (id, nama_lengkap, username, role, password, no_tel, alamat, jenis_kelamin, status, sebagai, forgot, created_at, updated_at)
        VALUES ('4c0ca5ad-7203-448b-9125-fce672e8904d', 'Saipudin', 'saipudin', 'user', '$2y$12$5VYac2Kqo.LlcIZl9oiwTOBh7z/9LoRmsaz511vMxCVavy6PxV91i', '-', 'Canggung Kec. Rajabasa Lampung Selatan', 'Laki-laki', '1', 'ortu', '0', NOW(), NOW())
        ON DUPLICATE KEY UPDATE id=id;


        INSERT INTO users (id, nama_lengkap, username, role, password, no_tel, alamat, jenis_kelamin, status, sebagai, forgot, created_at, updated_at)
        VALUES ('b3342623-380e-4ae4-8551-9bcd32a4a8a2', 'Sanim', 'sanim', 'user', '$2y$12$5VYac2Kqo.LlcIZl9oiwTOBh7z/9LoRmsaz511vMxCVavy6PxV91i', '-', 'Cugung Kec. Rajabasa Lampung Selatan', 'Laki-laki', '1', 'ortu', '0', NOW(), NOW())
        ON DUPLICATE KEY UPDATE id=id;


        INSERT INTO users (id, nama_lengkap, username, role, password, no_tel, alamat, jenis_kelamin, status, sebagai, forgot, created_at, updated_at)
        VALUES ('dc2604e8-bf02-4b15-8838-403b8265b7c1', 'Beny Gustiawan', 'benygustiawan', 'user', '$2y$12$5VYac2Kqo.LlcIZl9oiwTOBh7z/9LoRmsaz511vMxCVavy6PxV91i', '-', 'Cugung Kec. Rajabasa Lampung Selatan', 'Laki-laki', '1', 'ortu', '0', NOW(), NOW())
        ON DUPLICATE KEY UPDATE id=id;


        INSERT INTO users (id, nama_lengkap, username, role, password, no_tel, alamat, jenis_kelamin, status, sebagai, forgot, created_at, updated_at)
        VALUES ('34321376-882d-443e-8ab5-e737d50b3e50', 'Sahrul', 'sahrul', 'user', '$2y$12$5VYac2Kqo.LlcIZl9oiwTOBh7z/9LoRmsaz511vMxCVavy6PxV91i', '-', 'Belambangan Kec. Penengahan Lam-Sel', 'Perempuan', '1', 'ortu', '0', NOW(), NOW())
        ON DUPLICATE KEY UPDATE id=id;


        INSERT INTO users (id, nama_lengkap, username, role, password, no_tel, alamat, jenis_kelamin, status, sebagai, forgot, created_at, updated_at)
        VALUES ('710a77ee-9804-4ac1-ba83-f23325a8ef71', 'A zaini', 'azaini', 'user', '$2y$12$5VYac2Kqo.LlcIZl9oiwTOBh7z/9LoRmsaz511vMxCVavy6PxV91i', '-', 'Belambangan Kec. Penengahan Lam-Sel', 'Perempuan', '1', 'ortu', '0', NOW(), NOW())
        ON DUPLICATE KEY UPDATE id=id;


        INSERT INTO users (id, nama_lengkap, username, role, password, no_tel, alamat, jenis_kelamin, status, sebagai, forgot, created_at, updated_at)
        VALUES ('fbe5f965-1cf5-4bc6-8816-50999c408c9b', 'Sahroni', 'sahroni', 'user', '$2y$12$5VYac2Kqo.LlcIZl9oiwTOBh7z/9LoRmsaz511vMxCVavy6PxV91i', '-', 'Cugung Kec. Rajabasa Lampung Selatan', 'Perempuan', '1', 'ortu', '0', NOW(), NOW())
        ON DUPLICATE KEY UPDATE id=id;


        INSERT INTO users (id, nama_lengkap, username, role, password, no_tel, alamat, jenis_kelamin, status, sebagai, forgot, created_at, updated_at)
        VALUES ('51e888ab-9264-4a1c-b5ad-2da0eff305c4', 'M. Kholil', 'm.kholil', 'user', '$2y$12$5VYac2Kqo.LlcIZl9oiwTOBh7z/9LoRmsaz511vMxCVavy6PxV91i', '-', 'Kerinjing Kec. Rajabasa Lampung Selatan', 'Perempuan', '1', 'ortu', '0', NOW(), NOW())
        ON DUPLICATE KEY UPDATE id=id;


        INSERT INTO users (id, nama_lengkap, username, role, password, no_tel, alamat, jenis_kelamin, status, sebagai, forgot, created_at, updated_at)
        VALUES ('0a181f2d-9135-4cd6-893c-d77a057092d5', 'Siti Aminah', 'sitiaminah', 'user', '$2y$12$5VYac2Kqo.LlcIZl9oiwTOBh7z/9LoRmsaz511vMxCVavy6PxV91i', '-', 'Taman Agung Kec. Kalianda Lampung Selatan', 'Perempuan', '1', 'ortu', '0', NOW(), NOW())
        ON DUPLICATE KEY UPDATE id=id;


        INSERT INTO users (id, nama_lengkap, username, role, password, no_tel, alamat, jenis_kelamin, status, sebagai, forgot, created_at, updated_at)
        VALUES ('58c3dd21-f8db-4d11-a132-169c9af87695', 'Aulia Desna Oktarin', 'auliadesnaoktarin', 'user', '$2y$12$5VYac2Kqo.LlcIZl9oiwTOBh7z/9LoRmsaz511vMxCVavy6PxV91i', '-', 'Suka bakti Kec. Palas Lampung Selatan', 'Laki-laki', '1', 'ortu', '0', NOW(), NOW())
        ON DUPLICATE KEY UPDATE id=id;


        INSERT INTO users (id, nama_lengkap, username, role, password, no_tel, alamat, jenis_kelamin, status, sebagai, forgot, created_at, updated_at)
        VALUES ('5e8fb79f-afea-45d9-84d7-3ac44a610b78', 'Sauti', 'sauti', 'user', '$2y$12$5VYac2Kqo.LlcIZl9oiwTOBh7z/9LoRmsaz511vMxCVavy6PxV91i', '-', 'Ruang Tengah Penengahan Lam-Sel ', 'Perempuan', '1', 'ortu', '0', NOW(), NOW())
        ON DUPLICATE KEY UPDATE id=id;


        INSERT INTO users (id, nama_lengkap, username, role, password, no_tel, alamat, jenis_kelamin, status, sebagai, forgot, created_at, updated_at)
        VALUES ('e40de043-5f24-4a6e-b307-16214b17d1dc', 'Zulbaidi', 'zulbaidi', 'user', '$2y$12$5VYac2Kqo.LlcIZl9oiwTOBh7z/9LoRmsaz511vMxCVavy6PxV91i', '-', 'Canggung rajabasa Lampung-Selatan ', 'Perempuan', '1', 'ortu', '0', NOW(), NOW())
        ON DUPLICATE KEY UPDATE id=id;


        INSERT INTO users (id, nama_lengkap, username, role, password, no_tel, alamat, jenis_kelamin, status, sebagai, forgot, created_at, updated_at)
        VALUES ('a1c338a0-a809-4be3-8912-7bee20e2b29b', 'Sakiran', 'sakiran', 'user', '$2y$12$5VYac2Kqo.LlcIZl9oiwTOBh7z/9LoRmsaz511vMxCVavy6PxV91i', '-', 'Way Muli Lampung Selatan ', 'Perempuan', '1', 'ortu', '0', NOW(), NOW())
        ON DUPLICATE KEY UPDATE id=id;


        INSERT INTO users (id, nama_lengkap, username, role, password, no_tel, alamat, jenis_kelamin, status, sebagai, forgot, created_at, updated_at)
        VALUES ('7c556149-1602-4157-905c-5366c66fa29d', 'Syamsuri', 'syamsuri', 'user', '$2y$12$5VYac2Kqo.LlcIZl9oiwTOBh7z/9LoRmsaz511vMxCVavy6PxV91i', '-', 'Gunung Terang Kalianda Lam-sel', 'Perempuan', '1', 'ortu', '0', NOW(), NOW())
        ON DUPLICATE KEY UPDATE id=id;


        INSERT INTO users (id, nama_lengkap, username, role, password, no_tel, alamat, jenis_kelamin, status, sebagai, forgot, created_at, updated_at)
        VALUES ('77e4c370-bce5-47ae-9b4b-ec46291def15', 'Supri', 'supri', 'user', '$2y$12$5VYac2Kqo.LlcIZl9oiwTOBh7z/9LoRmsaz511vMxCVavy6PxV91i', '-', 'Sumber Agung Kec. Sragi Lam-Sel ', 'Perempuan', '1', 'ortu', '0', NOW(), NOW())
        ON DUPLICATE KEY UPDATE id=id;


        INSERT INTO users (id, nama_lengkap, username, role, password, no_tel, alamat, jenis_kelamin, status, sebagai, forgot, created_at, updated_at)
        VALUES ('2e62a326-ad7e-457e-aeff-f10f262aad25', 'Ilawati', 'ilawati', 'user', '$2y$12$5VYac2Kqo.LlcIZl9oiwTOBh7z/9LoRmsaz511vMxCVavy6PxV91i', '-', 'Suak Kec. Sidomulyo Lampung Selatan', 'Perempuan', '1', 'ortu', '0', NOW(), NOW())
        ON DUPLICATE KEY UPDATE id=id;


        INSERT INTO users (id, nama_lengkap, username, role, password, no_tel, alamat, jenis_kelamin, status, sebagai, forgot, created_at, updated_at)
        VALUES ('a93e9a7a-0603-488c-9b84-556f5e91c1c0', 'Sulaiman', 'sulaiman', 'user', '$2y$12$5VYac2Kqo.LlcIZl9oiwTOBh7z/9LoRmsaz511vMxCVavy6PxV91i', '-', 'Agom Kec. Kalianda Lampung Selatan', 'Perempuan', '1', 'ortu', '0', NOW(), NOW())
        ON DUPLICATE KEY UPDATE id=id;


        INSERT INTO users (id, nama_lengkap, username, role, password, no_tel, alamat, jenis_kelamin, status, sebagai, forgot, created_at, updated_at)
        VALUES ('086505cd-3d11-4d50-877f-6edd76003143', 'Zaira Subani', 'zairasubani', 'user', '$2y$12$5VYac2Kqo.LlcIZl9oiwTOBh7z/9LoRmsaz511vMxCVavy6PxV91i', '-', 'Tanggamus, Cukuh Balak Putih doh ', 'Laki-laki', '1', 'ortu', '0', NOW(), NOW())
        ON DUPLICATE KEY UPDATE id=id;


        INSERT INTO users (id, nama_lengkap, username, role, password, no_tel, alamat, jenis_kelamin, status, sebagai, forgot, created_at, updated_at)
        VALUES ('92d42d5e-f2e2-4a4c-9a0d-273eafb7fb9d', 'M Dasuki', 'mdasuki', 'user', '$2y$12$5VYac2Kqo.LlcIZl9oiwTOBh7z/9LoRmsaz511vMxCVavy6PxV91i', '-', 'Taman Baru Kec. Penengahan Lam-Sel', 'Laki-laki', '1', 'ortu', '0', NOW(), NOW())
        ON DUPLICATE KEY UPDATE id=id;


        INSERT INTO users (id, nama_lengkap, username, role, password, no_tel, alamat, jenis_kelamin, status, sebagai, forgot, created_at, updated_at)
        VALUES ('6ae7069e-9a04-4a37-951b-80419fd4a09c', 'Ahmad Fauzi', 'ahmadfauzi', 'user', '$2y$12$5VYac2Kqo.LlcIZl9oiwTOBh7z/9LoRmsaz511vMxCVavy6PxV91i', '-', 'Canggung Kec. Rajabasa Lampung Selatan', 'Laki-laki', '1', 'ortu', '0', NOW(), NOW())
        ON DUPLICATE KEY UPDATE id=id;


        INSERT INTO users (id, nama_lengkap, username, role, password, no_tel, alamat, jenis_kelamin, status, sebagai, forgot, created_at, updated_at)
        VALUES ('a90c64a6-c136-4cab-845e-c79e60a8449b', 'Aswan Efendi', 'aswanefendi', 'user', '$2y$12$5VYac2Kqo.LlcIZl9oiwTOBh7z/9LoRmsaz511vMxCVavy6PxV91i', '-', 'Canggung Kec. Rajabasa Lampung Selatan', 'Perempuan', '1', 'ortu', '0', NOW(), NOW())
        ON DUPLICATE KEY UPDATE id=id;


        INSERT INTO users (id, nama_lengkap, username, role, password, no_tel, alamat, jenis_kelamin, status, sebagai, forgot, created_at, updated_at)
        VALUES ('fb66402b-a40f-458a-9e40-4358ab967fb2', 'Katimin', 'katimin', 'user', '$2y$12$5VYac2Kqo.LlcIZl9oiwTOBh7z/9LoRmsaz511vMxCVavy6PxV91i', '-', 'Sri Pondowo Kec. Ketapang Lam-Sel', 'Perempuan', '1', 'ortu', '0', NOW(), NOW())
        ON DUPLICATE KEY UPDATE id=id;


        INSERT INTO users (id, nama_lengkap, username, role, password, no_tel, alamat, jenis_kelamin, status, sebagai, forgot, created_at, updated_at)
        VALUES ('133b1112-f46e-417b-965e-3a7bda71454a', 'Udin Suyanto', 'udinsuyanto', 'user', '$2y$12$5VYac2Kqo.LlcIZl9oiwTOBh7z/9LoRmsaz511vMxCVavy6PxV91i', '-', 'Sukabanjar Kec. Sidomulyo Kab. Lam-Sel', 'Perempuan', '1', 'ortu', '0', NOW(), NOW())
        ON DUPLICATE KEY UPDATE id=id;


        INSERT INTO users (id, nama_lengkap, username, role, password, no_tel, alamat, jenis_kelamin, status, sebagai, forgot, created_at, updated_at)
        VALUES ('57bac151-2f6c-40c3-b7e8-5fb36f9273f8', 'Herliansah', 'herliansah', 'user', '$2y$12$5VYac2Kqo.LlcIZl9oiwTOBh7z/9LoRmsaz511vMxCVavy6PxV91i', '-', 'Tajimalela Kalianda Lam-Sel', 'Perempuan', '1', 'ortu', '0', NOW(), NOW())
        ON DUPLICATE KEY UPDATE id=id;


        INSERT INTO users (id, nama_lengkap, username, role, password, no_tel, alamat, jenis_kelamin, status, sebagai, forgot, created_at, updated_at)
        VALUES ('ea367b6b-e261-4f1b-9728-4996a76565bf', 'Partiyem', 'partiyem', 'user', '$2y$12$5VYac2Kqo.LlcIZl9oiwTOBh7z/9LoRmsaz511vMxCVavy6PxV91i', '-', 'Karang Sari Kec. Ketapang Lam-Sel', 'Perempuan', '1', 'ortu', '0', NOW(), NOW())
        ON DUPLICATE KEY UPDATE id=id;


        INSERT INTO users (id, nama_lengkap, username, role, password, no_tel, alamat, jenis_kelamin, status, sebagai, forgot, created_at, updated_at)
        VALUES ('3ddfec92-a8d2-4a93-9b45-c556d124ec1d', 'Syahruddin', 'syahruddin', 'user', '$2y$12$5VYac2Kqo.LlcIZl9oiwTOBh7z/9LoRmsaz511vMxCVavy6PxV91i', '-', 'Jondong Kec. Kalianda Lam-Sel', 'Laki-laki', '1', 'ortu', '0', NOW(), NOW())
        ON DUPLICATE KEY UPDATE id=id;


        INSERT INTO users (id, nama_lengkap, username, role, password, no_tel, alamat, jenis_kelamin, status, sebagai, forgot, created_at, updated_at)
        VALUES ('ad041a21-5bb8-46bf-81b9-332b963169e2', 'Karmo', 'karmo', 'user', '$2y$12$5VYac2Kqo.LlcIZl9oiwTOBh7z/9LoRmsaz511vMxCVavy6PxV91i', '-', 'Sidomakmur Kec. Way Panji  Lam-Sel', 'Perempuan', '1', 'ortu', '0', NOW(), NOW())
        ON DUPLICATE KEY UPDATE id=id;


        INSERT INTO users (id, nama_lengkap, username, role, password, no_tel, alamat, jenis_kelamin, status, sebagai, forgot, created_at, updated_at)
        VALUES ('20d38a18-4f7a-44e1-8299-cd6bc43dbde6', 'Johansyah', 'johansyah', 'user', '$2y$12$5VYac2Kqo.LlcIZl9oiwTOBh7z/9LoRmsaz511vMxCVavy6PxV91i', '-', 'Canggu Kec. Kalianda Lam-Sel', 'Perempuan', '1', 'ortu', '0', NOW(), NOW())
        ON DUPLICATE KEY UPDATE id=id;


        INSERT INTO users (id, nama_lengkap, username, role, password, no_tel, alamat, jenis_kelamin, status, sebagai, forgot, created_at, updated_at)
        VALUES ('893145a6-c77d-44ea-9a17-6440fae43c66', 'Imam Sidik', 'imamsidik', 'user', '$2y$12$5VYac2Kqo.LlcIZl9oiwTOBh7z/9LoRmsaz511vMxCVavy6PxV91i', '-', 'Goras Jaya Kec. Bekri Lam-Teng', 'Perempuan', '1', 'ortu', '0', NOW(), NOW())
        ON DUPLICATE KEY UPDATE id=id;


        INSERT INTO users (id, nama_lengkap, username, role, password, no_tel, alamat, jenis_kelamin, status, sebagai, forgot, created_at, updated_at)
        VALUES ('88530a01-eadb-4c4a-a6fa-b577224c197a', 'Ilyas', 'ilyas', 'user', '$2y$12$5VYac2Kqo.LlcIZl9oiwTOBh7z/9LoRmsaz511vMxCVavy6PxV91i', '-', 'Negeri Pandan Lampung Selatan ', 'Laki-laki', '1', 'ortu', '0', NOW(), NOW())
        ON DUPLICATE KEY UPDATE id=id;


        INSERT INTO users (id, nama_lengkap, username, role, password, no_tel, alamat, jenis_kelamin, status, sebagai, forgot, created_at, updated_at)
        VALUES ('bc03fa08-13d3-4253-a864-25d6c26ac515', 'Bah Sanuri', 'bahsanuri', 'user', '$2y$12$5VYac2Kqo.LlcIZl9oiwTOBh7z/9LoRmsaz511vMxCVavy6PxV91i', '-', 'Pematang Kec. Kalianda Lam-Sel ', 'Perempuan', '1', 'ortu', '0', NOW(), NOW())
        ON DUPLICATE KEY UPDATE id=id;


        INSERT INTO users (id, nama_lengkap, username, role, password, no_tel, alamat, jenis_kelamin, status, sebagai, forgot, created_at, updated_at)
        VALUES ('437b55df-79f0-4363-8a5e-ff437b499823', 'Janati', 'janati', 'user', '$2y$12$5VYac2Kqo.LlcIZl9oiwTOBh7z/9LoRmsaz511vMxCVavy6PxV91i', '-', 'Wai Lubuk Kec. Kalianda Lampung Selatan', 'Laki-laki', '1', 'ortu', '0', NOW(), NOW())
        ON DUPLICATE KEY UPDATE id=id;


        INSERT INTO users (id, nama_lengkap, username, role, password, no_tel, alamat, jenis_kelamin, status, sebagai, forgot, created_at, updated_at)
        VALUES ('f5171a66-248f-48dd-8394-e5606a51206c', 'Solihin Manan', 'solihinmanan', 'user', '$2y$12$5VYac2Kqo.LlcIZl9oiwTOBh7z/9LoRmsaz511vMxCVavy6PxV91i', '-', 'Hara Banjar Manis Kec. Kalianda Lam-Sel', 'Laki-laki', '1', 'ortu', '0', NOW(), NOW())
        ON DUPLICATE KEY UPDATE id=id;


    INSERT INTO pendaftarans (id, user_id, biodata, tahap, status, created_at, updated_at)
    VALUES ('991c0d70-6b2f-4369-a967-2b3754715bef', '49edbbca-aaf2-4f36-9377-00e544b2a1c0', 'Fiska Anjelia~Canggung, 08 Agustus 2006~1801164808060002~Perempuan~Anak Tidak Mampu~SMKN 2 Kalainda / XII~Canggung Kec. Rajabasa Lampung Selatan~Bahri~Petani~-', '3', 'lulus', NOW(), NOW());


    INSERT INTO pendaftarans (id, user_id, biodata, tahap, status, created_at, updated_at)
    VALUES ('4876d416-eb93-47f2-94a7-fa4b91498537', '0c98df29-1cb8-44ab-aa4b-8a29ba289d20', 'Putri Indah Sari~Batu Raja 11 Juli 2007~1601135107070001~Perempuan~Anak Yatim~SMKN 2 Kalainda / XII~Talang Jawa Kec. Batu Raja Barat OKU~Sudarno (alm)~-~-', '3', 'lulus', NOW(), NOW());


    INSERT INTO pendaftarans (id, user_id, biodata, tahap, status, created_at, updated_at)
    VALUES ('80450f58-050b-4ed5-b768-e0c41f580ba6', 'a4c8ef41-f8c6-41c8-b7fe-473edcba668f', 'M. Dikri Al ginayah ~Cugung, 21 April 2007~1801162104070001~Laki-laki~Anak Tidak Mampu~SMKN 2 Kalainda / XII~Cugung Kec. Raja Basa Lam-Sel~Muhamad KS~Petani ~-', '3', 'lulus', NOW(), NOW());


    INSERT INTO pendaftarans (id, user_id, biodata, tahap, status, created_at, updated_at)
    VALUES ('2b1fd420-9e60-4f2c-bae4-382ed1e8158c', '38da03c9-356d-49c6-95d2-4aa7b5047809', 'Abdul Sukron~Kebon Pisang, 14 Maret 2006~1801061403080003~Laki-laki~Anak Tidak Mampu~SMKN 2 Kalainda / XII~Munjuk Sampurna Jaya Lam-Sel ~Mad Sandir~Petani~-', '3', 'lulus', NOW(), NOW());


    INSERT INTO pendaftarans (id, user_id, biodata, tahap, status, created_at, updated_at)
    VALUES ('4e6c32ad-d59a-4935-82f7-06744bc77d70', '1720cc40-1bc2-4bd8-bda3-283998ab158c', 'Afriansyah~Munjuk Sempurna, 07 April 2007~1801060704070002~Laki-laki~Anak Tidak Mampu~SMKN 1 Kalainda / XII~Kalianda Lampung Selatan ~Madrus~Petani~-', '3', 'lulus', NOW(), NOW());


    INSERT INTO pendaftarans (id, user_id, biodata, tahap, status, created_at, updated_at)
    VALUES ('a3a362ad-8899-4769-9e8c-d88687a1e938', '4a83c4af-5c14-4621-a3eb-19f7326a092b', 'Dedi Rizwan~Canggung, 02 Juni 2007~1801160206070003~Laki-laki~Anak Tidak Mampu~SMKM 1 Kalianda / XII~Canggung Kec. Rajabasa Lampung Selatan~Syarippuddin~Petani~-', '3', 'lulus', NOW(), NOW());


    INSERT INTO pendaftarans (id, user_id, biodata, tahap, status, created_at, updated_at)
    VALUES ('53f7619c-2a50-436e-aa56-75841c46900d', '69f27637-286c-4327-8329-d77ab702fc51', 'Siska Ackiya Latipa Yusup~Brebes, 30 Agustus 2008~1801067008080002~Perempuan~Anak Tidak Mampu~SMKN 1 Kalainda / XI~Munjuk Sampurna Kec. Kalianda Lam-Sel~Cucu Yusup~Petani~-', '3', 'lulus', NOW(), NOW());


    INSERT INTO pendaftarans (id, user_id, biodata, tahap, status, created_at, updated_at)
    VALUES ('62c988d8-0b76-4767-a697-44d80478cd3f', 'dcbb6bf9-ddc8-45e2-bad5-6f12de547a35', 'Nurul Gita Naya~Cugung, 04 Juni 2008~1801164406080002~Perempuan~Anak Piatu~SMKM 1 / XI~Cugung Kec. Rajabasa Lampung Selatan~Naswira~Wiraswasta~-', '3', 'lulus', NOW(), NOW());


    INSERT INTO pendaftarans (id, user_id, biodata, tahap, status, created_at, updated_at)
    VALUES ('1717e2c5-e7c1-455f-81ac-1a70f943108b', '088be2b4-d80a-419c-b79b-66f5afbe4ed3', 'Rehan~Kerinjing, 10 Agustus 2006~1801161008060004~Laki-laki~Anak Tidak Mampu~SMKN 2 Kalianda / XI~Kerinjing Kec. Rajabasa Lampung Selatan~Kasino~Wiraswasta~-', '3', 'lulus', NOW(), NOW());


    INSERT INTO pendaftarans (id, user_id, biodata, tahap, status, created_at, updated_at)
    VALUES ('a1426856-7e01-410b-9b1e-5fb9a11e5a58', '8752d4ea-1393-4ea7-8bc3-fb1435f1846b', 'April Riyadi Nugraha~Cugung, 04 April 2009~1801160404090005~Laki-laki~Anak Tidak Mampu~SMKN 2 Kalianda / XI~Cugung Kec. Rajabasa Lampung Selatan~Sairah~IRT~-', '3', 'lulus', NOW(), NOW());


    INSERT INTO pendaftarans (id, user_id, biodata, tahap, status, created_at, updated_at)
    VALUES ('24de63c2-b1f0-4d8b-bfde-0ace3cb1a346', 'af4ebd89-d0fb-40a2-b80b-4dda8d0ac246', 'Rama Yani~Palembapang, 17 Agustus 2007~1801061708070006~Laki-laki~Anak Yatim~SMKN 2 Kalianda / X~Palembapang Kec. Kalianda Lam-Sel~Nursiah~IRT~-', '3', 'lulus', NOW(), NOW());


    INSERT INTO pendaftarans (id, user_id, biodata, tahap, status, created_at, updated_at)
    VALUES ('42a61947-bbbf-4c94-bb47-694f808aeb31', '4c0ca5ad-7203-448b-9125-fce672e8904d', 'Mastuni~Serang, 07 Juli 2008~1801160707060002~Laki-laki~Anak Yatim~SMKN 2 Kalianda / X~Canggung Kec. Rajabasa Lampung Selatan~Saipudin~Petani~-', '3', 'lulus', NOW(), NOW());


    INSERT INTO pendaftarans (id, user_id, biodata, tahap, status, created_at, updated_at)
    VALUES ('291d4920-0418-4c43-b91c-b6de1eea9c1b', 'b3342623-380e-4ae4-8551-9bcd32a4a8a2', 'Ryananda Kenzie Ramadhan~Banten, 7 September 2009~1801160709090001~Laki-laki~Anak Tidak Mampu~SMKN 2 Kalianda / X~Cugung Kec. Rajabasa Lampung Selatan~Sanim~Petani~-', '3', 'lulus', NOW(), NOW());


    INSERT INTO pendaftarans (id, user_id, biodata, tahap, status, created_at, updated_at)
    VALUES ('125b0c82-1907-4ce5-86db-cbc037d13b0a', 'dc2604e8-bf02-4b15-8838-403b8265b7c1', 'Nur Fathoni~Cugung, 11 Oktober 2009~1801161110090004~Laki-laki~Anak Piatu~SMKN 2 Kalianda / X~Cugung Kec. Rajabasa Lampung Selatan~Beny Gustiawan~Buruh~-', '3', 'lulus', NOW(), NOW());


    INSERT INTO pendaftarans (id, user_id, biodata, tahap, status, created_at, updated_at)
    VALUES ('ed96b099-493b-45b9-ba94-aeca550345cf', '0c98df29-1cb8-44ab-aa4b-8a29ba289d20', 'Natasya Syafaat~Ogan Komering Ulu, 07 Februari 2008~1601134702080002~Perempuan~Anak Yatim~SMKN 1 Kalainda / X~Talang Jawa Kec. Batu Raja Barat OKU~Sudarno (alm)~-~-', '3', 'lulus', NOW(), NOW());


    INSERT INTO pendaftarans (id, user_id, biodata, tahap, status, created_at, updated_at)
    VALUES ('f6c96e14-2127-4160-bea0-835f55b86e22', '34321376-882d-443e-8ab5-e737d50b3e50', 'Asih Pertiwi~Belambangan, 21 November 2008~1801096111080001~Perempuan~Anak Piatu~SMKN 1 Kalainda / X~Belambangan Kec. Penengahan Lam-Sel~Sahrul~Buruh~-', '3', 'lulus', NOW(), NOW());


    INSERT INTO pendaftarans (id, user_id, biodata, tahap, status, created_at, updated_at)
    VALUES ('df85160a-a1cf-4131-b2e9-1b0b0c736ab7', '710a77ee-9804-4ac1-ba83-f23325a8ef71', 'Zelya Risnawati~Kayubi, 4 Juni 2008~1801094406080005~Perempuan~Anak Tidak Mampu~SMKN 1 Kalainda / X~Belambangan Kec. Penengahan Lam-Sel~A zaini~Perdagangan~-', '3', 'lulus', NOW(), NOW());


    INSERT INTO pendaftarans (id, user_id, biodata, tahap, status, created_at, updated_at)
    VALUES ('6c5e45a2-0ea8-4819-9918-aa5af15a1e79', 'fbe5f965-1cf5-4bc6-8816-50999c408c9b', 'Viki Kamila~Cugung, 15 Januari 2009~1801165501090002~Perempuan~Anak Piatu~SMKN 1 Kalainda / X~Cugung Kec. Rajabasa Lampung Selatan~Sahroni~Petani~-', '3', 'lulus', NOW(), NOW());


    INSERT INTO pendaftarans (id, user_id, biodata, tahap, status, created_at, updated_at)
    VALUES ('83e92bb6-ccd5-41af-9c7e-786625602915', '51e888ab-9264-4a1c-b5ad-2da0eff305c4', 'Khotijah~Kerinjing, 20 Mei 2009~1801166005090002~Perempuan~Anak Piatu~SMKN 1 Kalainda / X~Kerinjing Kec. Rajabasa Lampung Selatan~M. Kholil~Petani~-', '3', 'lulus', NOW(), NOW());


    INSERT INTO pendaftarans (id, user_id, biodata, tahap, status, created_at, updated_at)
    VALUES ('bc45a548-cc42-4700-8974-9aaee4bd9db5', '0a181f2d-9135-4cd6-893c-d77a057092d5', 'Finawati~Kebon Pisang, 14 November 2008~1801065411080005~Perempuan~Anak Tidak Mampu~SMKN 1 Kalainda / X~Taman Agung Kec. Kalianda Lampung Selatan~Siti Aminah~IRT~-', '3', 'lulus', NOW(), NOW());


    INSERT INTO pendaftarans (id, user_id, biodata, tahap, status, created_at, updated_at)
    VALUES ('98350b5b-72cb-431f-89b8-7983f3c6e886', '58c3dd21-f8db-4d11-a132-169c9af87695', 'Firmansyah Nanang Saputra~Kota Agung, 20 September 2009~1801102009090001~Laki-laki~Anak Yatim~SMPN 2 Kalianda / IX~Suka bakti Kec. Palas Lampung Selatan~Aulia Desna Oktarin~IRT~-', '3', 'lulus', NOW(), NOW());


    INSERT INTO pendaftarans (id, user_id, biodata, tahap, status, created_at, updated_at)
    VALUES ('afe6ca19-187c-44f2-a84e-65a3c45cb0f2', '5e8fb79f-afea-45d9-84d7-3ac44a610b78', 'Resti Larasati ~Cibanjar, 03 November 2010~1801094311100003~Perempuan~Anak Tidak Mampu~SMPN 2 Kalianda / IX~Ruang Tengah Penengahan Lam-Sel ~Sauti~IRT~-', '3', 'lulus', NOW(), NOW());


    INSERT INTO pendaftarans (id, user_id, biodata, tahap, status, created_at, updated_at)
    VALUES ('194555e1-25cc-4d06-bd1f-759914a7f2ff', 'e40de043-5f24-4a6e-b307-16214b17d1dc', 'Reni Agustia~Suka Marga, 01 Agustus 2010~1801164108100001~Perempuan~Anak Tidak Mampu~SMPN 2 Kalianda / IX~Canggung rajabasa Lampung-Selatan ~Zulbaidi~Petani ~-', '3', 'lulus', NOW(), NOW());


    INSERT INTO pendaftarans (id, user_id, biodata, tahap, status, created_at, updated_at)
    VALUES ('060c8aa7-0584-45b9-a0e5-711f05542884', 'a1c338a0-a809-4be3-8912-7bee20e2b29b', 'Uswatun Hasanah ~Bakauheni, 14 Juli 2010~1801165406100001~Perempuan~Anak Tidak Mampu~SMPN 2 Kalianda / IX~Way Muli Lampung Selatan ~Sakiran~Petani ~-', '3', 'lulus', NOW(), NOW());


    INSERT INTO pendaftarans (id, user_id, biodata, tahap, status, created_at, updated_at)
    VALUES ('25be3361-ece0-4dcf-b6c0-884b6af66747', '7c556149-1602-4157-905c-5366c66fa29d', 'Devina ~Jembat Besi, 25 Juni 2010~1801066506100012~Perempuan~Anak Tidak Mampu~SMPN 2 Kalianda / IX~Gunung Terang Kalianda Lam-sel~Syamsuri~Petani~-', '3', 'lulus', NOW(), NOW());


    INSERT INTO pendaftarans (id, user_id, biodata, tahap, status, created_at, updated_at)
    VALUES ('5ca6c14b-ac7b-4e2b-b42b-8d08a466fed2', '77e4c370-bce5-47ae-9b4b-ec46291def15', 'Wulan Safitri ~Karang Sari, 29 September 2009~1801146909090006~Perempuan~Anak Tidak Mampu~SMPN 2 Kalianda / IX~Sumber Agung Kec. Sragi Lam-Sel ~Supri~Petani ~-', '3', 'lulus', NOW(), NOW());


    INSERT INTO pendaftarans (id, user_id, biodata, tahap, status, created_at, updated_at)
    VALUES ('ba05d961-2328-4dee-a18b-8457a3b80080', '2e62a326-ad7e-457e-aeff-f10f262aad25', 'Yulia Fitri~Suak, 07 Juli 2012~1801074707120003~Perempuan~Anak Yatim~SMPM 1 Kalianda / IX~Suak Kec. Sidomulyo Lampung Selatan~Ilawati~IRT~-', '3', 'lulus', NOW(), NOW());


    INSERT INTO pendaftarans (id, user_id, biodata, tahap, status, created_at, updated_at)
    VALUES ('38c23cb8-5bf4-4054-ab9c-3bc33a3cb8cc', 'a93e9a7a-0603-488c-9b84-556f5e91c1c0', 'Alisa Angraini~Agom, 05 Mei 2009~1801064505090002~Perempuan~Anak Piatu~SMPM 1 Kalianda / IX~Agom Kec. Kalianda Lampung Selatan~Sulaiman~Petani~-', '3', 'lulus', NOW(), NOW());


    INSERT INTO pendaftarans (id, user_id, biodata, tahap, status, created_at, updated_at)
    VALUES ('874e8ca6-8a42-4cde-a89f-aafd6a98988c', '086505cd-3d11-4d50-877f-6edd76003143', 'Muhammad Al Rendi Zasr~Tanggamus, 05 Juli 2009~1806090507090002~Laki-laki~Anak Yatim~SMPN 1 Kalianda / VIII~Tanggamus, Cukuh Balak Putih doh ~Zaira Subani~Buruh~-', '3', 'lulus', NOW(), NOW());


    INSERT INTO pendaftarans (id, user_id, biodata, tahap, status, created_at, updated_at)
    VALUES ('cc41c769-75b9-42ba-a050-51103c36dd9f', '92d42d5e-f2e2-4a4c-9a0d-273eafb7fb9d', 'Olva Firmansyah~Taman Baru, 02 September 2011~1801090209110001~Laki-laki~Anak Piatu~SMPN 1 Kalianda / VIII~Taman Baru Kec. Penengahan Lam-Sel~M Dasuki~Petani~-', '3', 'lulus', NOW(), NOW());


    INSERT INTO pendaftarans (id, user_id, biodata, tahap, status, created_at, updated_at)
    VALUES ('e2c2b40f-71bc-4374-a40c-9daf4d69b45d', '77e4c370-bce5-47ae-9b4b-ec46291def15', 'Arfin Saputra~Karang Sari, 18 September 2010~1801141809100003~Laki-laki~Anak Tidak Mampu~SMPN 1 Kalianda / VIII~Sumber Agung Kec. Sragi Lam-Sel ~Supri~Petani ~-', '3', 'lulus', NOW(), NOW());


    INSERT INTO pendaftarans (id, user_id, biodata, tahap, status, created_at, updated_at)
    VALUES ('3d9d0de6-1ca0-4647-a586-a1edda0ac9b8', '6ae7069e-9a04-4a37-951b-80419fd4a09c', 'Alfa Nizar~Canggung, 24 Januari 2012~1801162401120001~Laki-laki~Anak Tidak Mampu~SMPN 1 Kalianda / VIII~Canggung Kec. Rajabasa Lampung Selatan~Ahmad Fauzi~Petani~-', '3', 'lulus', NOW(), NOW());


    INSERT INTO pendaftarans (id, user_id, biodata, tahap, status, created_at, updated_at)
    VALUES ('1c9f767d-de49-4434-bd28-6891d0470884', 'a90c64a6-c136-4cab-845e-c79e60a8449b', 'Assriyanti~Betung, 21 September 2011~1801166109110004~Perempuan~Anak Tidak Mampu~SMPN 1 Kalianda / VIII~Canggung Kec. Rajabasa Lampung Selatan~Aswan Efendi~Nelayan~-', '3', 'lulus', NOW(), NOW());


    INSERT INTO pendaftarans (id, user_id, biodata, tahap, status, created_at, updated_at)
    VALUES ('6acb31c0-9e3b-4ee2-8f17-9e80b7b270a7', 'fb66402b-a40f-458a-9e40-4358ab967fb2', 'Seni Mailia~Karang Sari, 29 Juni 2009~1801146906090009~Perempuan~Anak Tidak Mampu~SMPN 2 Kalianda / VIII~Sri Pondowo Kec. Ketapang Lam-Sel~Katimin~Petani~-', '3', 'lulus', NOW(), NOW());


    INSERT INTO pendaftarans (id, user_id, biodata, tahap, status, created_at, updated_at)
    VALUES ('ff8c9979-70cf-4d38-8049-52e48285450d', '133b1112-f46e-417b-965e-3a7bda71454a', 'Nurul Assyifa~Suka Banjar, 16 April 2010~1801075604100002~Perempuan~Anak Piatu~SMPN 2 Kalianda / VII~Sukabanjar Kec. Sidomulyo Kab. Lam-Sel~Udin Suyanto~Wiraswata~-', '3', 'lulus', NOW(), NOW());


    INSERT INTO pendaftarans (id, user_id, biodata, tahap, status, created_at, updated_at)
    VALUES ('a59be633-8e77-42a5-a465-b3e5bcedd57f', '57bac151-2f6c-40c3-b7e8-5fb36f9273f8', 'Ayu Rianti ~Canggu, 12 Februari  2010~1801065202100003~Perempuan~Anak Tidak Mampu~SMPN 2 Kalianda / VII~Tajimalela Kalianda Lam-Sel~Herliansah~Petani~-', '3', 'lulus', NOW(), NOW());


    INSERT INTO pendaftarans (id, user_id, biodata, tahap, status, created_at, updated_at)
    VALUES ('1ea37a35-9df6-454f-9406-2226d10a7d3c', '57bac151-2f6c-40c3-b7e8-5fb36f9273f8', 'Riska  ~Canggu, 16 Januari 2011~1801065601110003~Perempuan~Anak Tidak Mampu~SMPN 2 Kalianda / VII~Tajimalela Kalianda Lam-Sel~Herliansah~Petani~-', '3', 'lulus', NOW(), NOW());


    INSERT INTO pendaftarans (id, user_id, biodata, tahap, status, created_at, updated_at)
    VALUES ('0ae9a088-245a-480e-b2fa-efc0b6a4ebbf', 'ea367b6b-e261-4f1b-9728-4996a76565bf', 'Windi Ayudia~Tetaan~1801145901110001~Perempuan~Anak Yatim~SMPN 2 Kalianda / VII~Karang Sari Kec. Ketapang Lam-Sel~Partiyem~IRT~-', '3', 'lulus', NOW(), NOW());


    INSERT INTO pendaftarans (id, user_id, biodata, tahap, status, created_at, updated_at)
    VALUES ('962604af-4cf9-4520-be72-ba7272c5f416', '086505cd-3d11-4d50-877f-6edd76003143', 'Muhammad Oziel Zaslan~Tanggamus, 18 Januari 2012~1806091801120001~Laki-laki~Anak Yatim~SMPN 2 Kalianda / VII~Tanggamus, Cukuh Balak Putih doh ~Zaira Subani~Buruh~-', '3', 'lulus', NOW(), NOW());


    INSERT INTO pendaftarans (id, user_id, biodata, tahap, status, created_at, updated_at)
    VALUES ('6cb1272a-0667-4d85-842a-b69433f43268', '3ddfec92-a8d2-4a93-9b45-c556d124ec1d', 'Afriyansyah~Jondong, 20 April 2012~1801062004120001~Laki-laki~Anak Tidak Mampu~SMPN 2 Kalianda / VII~Jondong Kec. Kalianda Lam-Sel~Syahruddin~Petani~-', '3', 'lulus', NOW(), NOW());


    INSERT INTO pendaftarans (id, user_id, biodata, tahap, status, created_at, updated_at)
    VALUES ('ef58109e-fc44-4c6a-96d4-a8ce232c4157', 'ad041a21-5bb8-46bf-81b9-332b963169e2', 'Evita Hijriawati~Juku Batu, 15 Oktober 2011~1801085510110005~Perempuan~Anak Tidak Mampu~SDN Kedaton / VI~Sidomakmur Kec. Way Panji  Lam-Sel~Karmo~Petani~-', '3', 'lulus', NOW(), NOW());


    INSERT INTO pendaftarans (id, user_id, biodata, tahap, status, created_at, updated_at)
    VALUES ('a64955c3-5edd-4139-a1b5-5c8c810ff4f5', '20d38a18-4f7a-44e1-8299-cd6bc43dbde6', 'Seftia Amira~Canggu, 09 September 2011~1801064909110004~Perempuan~Anak Tidak Mampu~SDN Kedaton / VI~Canggu Kec. Kalianda Lam-Sel~Johansyah~Petani~-', '3', 'lulus', NOW(), NOW());


    INSERT INTO pendaftarans (id, user_id, biodata, tahap, status, created_at, updated_at)
    VALUES ('27e9c3fc-5e7a-4273-a813-2eb21049e88c', '57bac151-2f6c-40c3-b7e8-5fb36f9273f8', 'Rijal Ambriansah ~Canggu, 11 April 2013~1801061104130006~Laki-laki~Anak Tidak Mampu~SDN Kedaton / V~Tajimalela Kalianda Lam-Sel~Herliansah~Petani~-', '3', 'lulus', NOW(), NOW());


    INSERT INTO pendaftarans (id, user_id, biodata, tahap, status, created_at, updated_at)
    VALUES ('0da2580c-2043-46bf-912e-76fd64e6848d', '92d42d5e-f2e2-4a4c-9a0d-273eafb7fb9d', 'Olvi Aprilia~Taman Baru, 11 April 2014~1801095104140001~Perempuan~Anak Piatu~SDN Kedaton / V~Taman Baru Kec. Penengahan Lam-Sel~M Dasuki~Petani~-', '3', 'lulus', NOW(), NOW());


    INSERT INTO pendaftarans (id, user_id, biodata, tahap, status, created_at, updated_at)
    VALUES ('7bfce34e-9123-41e5-aae6-ea0d25d2af1d', '893145a6-c77d-44ea-9a17-6440fae43c66', 'Nabilla Ilaeka Sidik~Gunung Sugih, 12 September 2013~1802155209130002~Perempuan~Anak Tidak Mampu~SDN Kedaton / V~Goras Jaya Kec. Bekri Lam-Teng~Imam Sidik~Wiraswasta~-', '3', 'lulus', NOW(), NOW());


    INSERT INTO pendaftarans (id, user_id, biodata, tahap, status, created_at, updated_at)
    VALUES ('07d04c9a-ae63-42ca-9492-25f82b1e872d', '88530a01-eadb-4c4a-a6fa-b577224c197a', 'Revan Rajabi ~Canggu, 27 Mei 2013~1801062705130002~Laki-laki~Anak Tidak Mampu~SDN Kedaton / IV~Negeri Pandan Lampung Selatan ~Ilyas~Petani~-', '3', 'lulus', NOW(), NOW());


    INSERT INTO pendaftarans (id, user_id, biodata, tahap, status, created_at, updated_at)
    VALUES ('0f848de5-267d-40b7-a9f7-0c5c5ce9794b', 'bc03fa08-13d3-4253-a864-25d6c26ac515', 'Nabila Putri Aulia~Tangerang, 3 Desember 2012~1801064312120003~Perempuan~Anak Tidak Mampu~SDN Kedaton / IV~Pematang Kec. Kalianda Lam-Sel ~Bah Sanuri~Petani~-', '3', 'lulus', NOW(), NOW());


    INSERT INTO pendaftarans (id, user_id, biodata, tahap, status, created_at, updated_at)
    VALUES ('cda61407-d845-421a-a651-ad611e798975', 'bc03fa08-13d3-4253-a864-25d6c26ac515', 'Hengky Erlangga Putra~Tangerang, 26 Juli 2015~1801062607150000~Laki-laki~Anak Tidak Mampu~SDN Kedaton / IV~Pematang Kec. Kalianda Lam-Sel ~Bah Sanuri~Petani~-', '3', 'lulus', NOW(), NOW());


    INSERT INTO pendaftarans (id, user_id, biodata, tahap, status, created_at, updated_at)
    VALUES ('bb0f3050-8ecc-4ab0-bf00-331c4bc0506b', '437b55df-79f0-4363-8a5e-ff437b499823', 'Hafis Afrizal Bastian~Gunung Tapa, 19 Agustus 2015~1801061908150002~Laki-laki~Anak Tidak Mampu~SDN Kedaton / II~Wai Lubuk Kec. Kalianda Lampung Selatan~Janati~IRT~-', '3', 'lulus', NOW(), NOW());


    INSERT INTO pendaftarans (id, user_id, biodata, tahap, status, created_at, updated_at)
    VALUES ('b2eced59-3812-436a-920e-65d1edd87258', 'f5171a66-248f-48dd-8394-e5606a51206c', 'Muhammad Andi Boy Rohim~Lampung Selatan, 6 Desember 2016~1801060612160003~Laki-laki~Anak Tidak Mampu~SDN Kedaton / I~Hara Banjar Manis Kec. Kalianda Lam-Sel~Solihin Manan~Petani~-', '3', 'lulus', NOW(), NOW());


    INSERT INTO anaks (id, user_id, pendaftarans_id, biodata, status, created_at, updated_at)
    VALUES ('991c0d70-6b2f-4369-a967-2b3754715bef', '49edbbca-aaf2-4f36-9377-00e544b2a1c0', '991c0d70-6b2f-4369-a967-2b3754715bef', 'Fiska Anjelia~Canggung, 08 Agustus 2006~1801164808060002~Perempuan~Anak Tidak Mampu~SMKN 2 Kalainda / XII~Canggung Kec. Rajabasa Lampung Selatan~Bahri~Petani~-', 'aktif', NOW(), NOW());


    INSERT INTO anaks (id, user_id, pendaftarans_id, biodata, status, created_at, updated_at)
    VALUES ('4876d416-eb93-47f2-94a7-fa4b91498537', '0c98df29-1cb8-44ab-aa4b-8a29ba289d20', '4876d416-eb93-47f2-94a7-fa4b91498537', 'Putri Indah Sari~Batu Raja 11 Juli 2007~1601135107070001~Perempuan~Anak Yatim~SMKN 2 Kalainda / XII~Talang Jawa Kec. Batu Raja Barat OKU~Sudarno (alm)~-~-', 'aktif', NOW(), NOW());


    INSERT INTO anaks (id, user_id, pendaftarans_id, biodata, status, created_at, updated_at)
    VALUES ('80450f58-050b-4ed5-b768-e0c41f580ba6', 'a4c8ef41-f8c6-41c8-b7fe-473edcba668f', '80450f58-050b-4ed5-b768-e0c41f580ba6', 'M. Dikri Al ginayah ~Cugung, 21 April 2007~1801162104070001~Laki-laki~Anak Tidak Mampu~SMKN 2 Kalainda / XII~Cugung Kec. Raja Basa Lam-Sel~Muhamad KS~Petani ~-', 'aktif', NOW(), NOW());


    INSERT INTO anaks (id, user_id, pendaftarans_id, biodata, status, created_at, updated_at)
    VALUES ('2b1fd420-9e60-4f2c-bae4-382ed1e8158c', '38da03c9-356d-49c6-95d2-4aa7b5047809', '2b1fd420-9e60-4f2c-bae4-382ed1e8158c', 'Abdul Sukron~Kebon Pisang, 14 Maret 2006~1801061403080003~Laki-laki~Anak Tidak Mampu~SMKN 2 Kalainda / XII~Munjuk Sampurna Jaya Lam-Sel ~Mad Sandir~Petani~-', 'aktif', NOW(), NOW());


    INSERT INTO anaks (id, user_id, pendaftarans_id, biodata, status, created_at, updated_at)
    VALUES ('4e6c32ad-d59a-4935-82f7-06744bc77d70', '1720cc40-1bc2-4bd8-bda3-283998ab158c', '4e6c32ad-d59a-4935-82f7-06744bc77d70', 'Afriansyah~Munjuk Sempurna, 07 April 2007~1801060704070002~Laki-laki~Anak Tidak Mampu~SMKN 1 Kalainda / XII~Kalianda Lampung Selatan ~Madrus~Petani~-', 'aktif', NOW(), NOW());


    INSERT INTO anaks (id, user_id, pendaftarans_id, biodata, status, created_at, updated_at)
    VALUES ('a3a362ad-8899-4769-9e8c-d88687a1e938', '4a83c4af-5c14-4621-a3eb-19f7326a092b', 'a3a362ad-8899-4769-9e8c-d88687a1e938', 'Dedi Rizwan~Canggung, 02 Juni 2007~1801160206070003~Laki-laki~Anak Tidak Mampu~SMKM 1 Kalianda / XII~Canggung Kec. Rajabasa Lampung Selatan~Syarippuddin~Petani~-', 'aktif', NOW(), NOW());


    INSERT INTO anaks (id, user_id, pendaftarans_id, biodata, status, created_at, updated_at)
    VALUES ('53f7619c-2a50-436e-aa56-75841c46900d', '69f27637-286c-4327-8329-d77ab702fc51', '53f7619c-2a50-436e-aa56-75841c46900d', 'Siska Ackiya Latipa Yusup~Brebes, 30 Agustus 2008~1801067008080002~Perempuan~Anak Tidak Mampu~SMKN 1 Kalainda / XI~Munjuk Sampurna Kec. Kalianda Lam-Sel~Cucu Yusup~Petani~-', 'aktif', NOW(), NOW());


    INSERT INTO anaks (id, user_id, pendaftarans_id, biodata, status, created_at, updated_at)
    VALUES ('62c988d8-0b76-4767-a697-44d80478cd3f', 'dcbb6bf9-ddc8-45e2-bad5-6f12de547a35', '62c988d8-0b76-4767-a697-44d80478cd3f', 'Nurul Gita Naya~Cugung, 04 Juni 2008~1801164406080002~Perempuan~Anak Piatu~SMKM 1 / XI~Cugung Kec. Rajabasa Lampung Selatan~Naswira~Wiraswasta~-', 'aktif', NOW(), NOW());


    INSERT INTO anaks (id, user_id, pendaftarans_id, biodata, status, created_at, updated_at)
    VALUES ('1717e2c5-e7c1-455f-81ac-1a70f943108b', '088be2b4-d80a-419c-b79b-66f5afbe4ed3', '1717e2c5-e7c1-455f-81ac-1a70f943108b', 'Rehan~Kerinjing, 10 Agustus 2006~1801161008060004~Laki-laki~Anak Tidak Mampu~SMKN 2 Kalianda / XI~Kerinjing Kec. Rajabasa Lampung Selatan~Kasino~Wiraswasta~-', 'aktif', NOW(), NOW());


    INSERT INTO anaks (id, user_id, pendaftarans_id, biodata, status, created_at, updated_at)
    VALUES ('a1426856-7e01-410b-9b1e-5fb9a11e5a58', '8752d4ea-1393-4ea7-8bc3-fb1435f1846b', 'a1426856-7e01-410b-9b1e-5fb9a11e5a58', 'April Riyadi Nugraha~Cugung, 04 April 2009~1801160404090005~Laki-laki~Anak Tidak Mampu~SMKN 2 Kalianda / XI~Cugung Kec. Rajabasa Lampung Selatan~Sairah~IRT~-', 'aktif', NOW(), NOW());


    INSERT INTO anaks (id, user_id, pendaftarans_id, biodata, status, created_at, updated_at)
    VALUES ('24de63c2-b1f0-4d8b-bfde-0ace3cb1a346', 'af4ebd89-d0fb-40a2-b80b-4dda8d0ac246', '24de63c2-b1f0-4d8b-bfde-0ace3cb1a346', 'Rama Yani~Palembapang, 17 Agustus 2007~1801061708070006~Laki-laki~Anak Yatim~SMKN 2 Kalianda / X~Palembapang Kec. Kalianda Lam-Sel~Nursiah~IRT~-', 'aktif', NOW(), NOW());


    INSERT INTO anaks (id, user_id, pendaftarans_id, biodata, status, created_at, updated_at)
    VALUES ('42a61947-bbbf-4c94-bb47-694f808aeb31', '4c0ca5ad-7203-448b-9125-fce672e8904d', '42a61947-bbbf-4c94-bb47-694f808aeb31', 'Mastuni~Serang, 07 Juli 2008~1801160707060002~Laki-laki~Anak Yatim~SMKN 2 Kalianda / X~Canggung Kec. Rajabasa Lampung Selatan~Saipudin~Petani~-', 'aktif', NOW(), NOW());


    INSERT INTO anaks (id, user_id, pendaftarans_id, biodata, status, created_at, updated_at)
    VALUES ('291d4920-0418-4c43-b91c-b6de1eea9c1b', 'b3342623-380e-4ae4-8551-9bcd32a4a8a2', '291d4920-0418-4c43-b91c-b6de1eea9c1b', 'Ryananda Kenzie Ramadhan~Banten, 7 September 2009~1801160709090001~Laki-laki~Anak Tidak Mampu~SMKN 2 Kalianda / X~Cugung Kec. Rajabasa Lampung Selatan~Sanim~Petani~-', 'aktif', NOW(), NOW());


    INSERT INTO anaks (id, user_id, pendaftarans_id, biodata, status, created_at, updated_at)
    VALUES ('125b0c82-1907-4ce5-86db-cbc037d13b0a', 'dc2604e8-bf02-4b15-8838-403b8265b7c1', '125b0c82-1907-4ce5-86db-cbc037d13b0a', 'Nur Fathoni~Cugung, 11 Oktober 2009~1801161110090004~Laki-laki~Anak Piatu~SMKN 2 Kalianda / X~Cugung Kec. Rajabasa Lampung Selatan~Beny Gustiawan~Buruh~-', 'aktif', NOW(), NOW());


    INSERT INTO anaks (id, user_id, pendaftarans_id, biodata, status, created_at, updated_at)
    VALUES ('96b099-493b-45b9-ba94-aeca550345cf', '0c98df29-1cb8-44ab-aa4b-8a29ba289d20', 'ed96b099-493b-45b9-ba94-aeca550345cf', 'Natasya Syafaat~Ogan Komering Ulu, 07 Februari 2008~1601134702080002~Perempuan~Anak Yatim~SMKN 1 Kalainda / X~Talang Jawa Kec. Batu Raja Barat OKU~Sudarno (alm)~-~-', 'aktif', NOW(), NOW());


    INSERT INTO anaks (id, user_id, pendaftarans_id, biodata, status, created_at, updated_at)
    VALUES ('f6c96e14-2127-4160-bea0-835f55b86e22', '34321376-882d-443e-8ab5-e737d50b3e50', 'f6c96e14-2127-4160-bea0-835f55b86e22', 'Asih Pertiwi~Belambangan, 21 November 2008~1801096111080001~Perempuan~Anak Piatu~SMKN 1 Kalainda / X~Belambangan Kec. Penengahan Lam-Sel~Sahrul~Buruh~-', 'aktif', NOW(), NOW());


    INSERT INTO anaks (id, user_id, pendaftarans_id, biodata, status, created_at, updated_at)
    VALUES ('df85160a-a1cf-4131-b2e9-1b0b0c736ab7', '710a77ee-9804-4ac1-ba83-f23325a8ef71', 'df85160a-a1cf-4131-b2e9-1b0b0c736ab7', 'Zelya Risnawati~Kayubi, 4 Juni 2008~1801094406080005~Perempuan~Anak Tidak Mampu~SMKN 1 Kalainda / X~Belambangan Kec. Penengahan Lam-Sel~A zaini~Perdagangan~-', 'aktif', NOW(), NOW());


    INSERT INTO anaks (id, user_id, pendaftarans_id, biodata, status, created_at, updated_at)
    VALUES ('6c5e45a2-0ea8-4819-9918-aa5af15a1e79', 'fbe5f965-1cf5-4bc6-8816-50999c408c9b', '6c5e45a2-0ea8-4819-9918-aa5af15a1e79', 'Viki Kamila~Cugung, 15 Januari 2009~1801165501090002~Perempuan~Anak Piatu~SMKN 1 Kalainda / X~Cugung Kec. Rajabasa Lampung Selatan~Sahroni~Petani~-', 'aktif', NOW(), NOW());


    INSERT INTO anaks (id, user_id, pendaftarans_id, biodata, status, created_at, updated_at)
    VALUES ('83e92bb6-ccd5-41af-9c7e-786625602915', '51e888ab-9264-4a1c-b5ad-2da0eff305c4', '83e92bb6-ccd5-41af-9c7e-786625602915', 'Khotijah~Kerinjing, 20 Mei 2009~1801166005090002~Perempuan~Anak Piatu~SMKN 1 Kalainda / X~Kerinjing Kec. Rajabasa Lampung Selatan~M. Kholil~Petani~-', 'aktif', NOW(), NOW());


    INSERT INTO anaks (id, user_id, pendaftarans_id, biodata, status, created_at, updated_at)
    VALUES ('bc45a548-cc42-4700-8974-9aaee4bd9db5', '0a181f2d-9135-4cd6-893c-d77a057092d5', 'bc45a548-cc42-4700-8974-9aaee4bd9db5', 'Finawati~Kebon Pisang, 14 November 2008~1801065411080005~Perempuan~Anak Tidak Mampu~SMKN 1 Kalainda / X~Taman Agung Kec. Kalianda Lampung Selatan~Siti Aminah~IRT~-', 'aktif', NOW(), NOW());


    INSERT INTO anaks (id, user_id, pendaftarans_id, biodata, status, created_at, updated_at)
    VALUES ('98350b5b-72cb-431f-89b8-7983f3c6e886', '58c3dd21-f8db-4d11-a132-169c9af87695', '98350b5b-72cb-431f-89b8-7983f3c6e886', 'Firmansyah Nanang Saputra~Kota Agung, 20 September 2009~1801102009090001~Laki-laki~Anak Yatim~SMPN 2 Kalianda / IX~Suka bakti Kec. Palas Lampung Selatan~Aulia Desna Oktarin~IRT~-', 'aktif', NOW(), NOW());


    INSERT INTO anaks (id, user_id, pendaftarans_id, biodata, status, created_at, updated_at)
    VALUES ('afe6ca19-187c-44f2-a84e-65a3c45cb0f2', '5e8fb79f-afea-45d9-84d7-3ac44a610b78', 'afe6ca19-187c-44f2-a84e-65a3c45cb0f2', 'Resti Larasati ~Cibanjar, 03 November 2010~1801094311100003~Perempuan~Anak Tidak Mampu~SMPN 2 Kalianda / IX~Ruang Tengah Penengahan Lam-Sel ~Sauti~IRT~-', 'aktif', NOW(), NOW());


    INSERT INTO anaks (id, user_id, pendaftarans_id, biodata, status, created_at, updated_at)
    VALUES ('194555e1-25cc-4d06-bd1f-759914a7f2ff', 'e40de043-5f24-4a6e-b307-16214b17d1dc', '194555e1-25cc-4d06-bd1f-759914a7f2ff', 'Reni Agustia~Suka Marga, 01 Agustus 2010~1801164108100001~Perempuan~Anak Tidak Mampu~SMPN 2 Kalianda / IX~Canggung rajabasa Lampung-Selatan ~Zulbaidi~Petani ~-', 'aktif', NOW(), NOW());


    INSERT INTO anaks (id, user_id, pendaftarans_id, biodata, status, created_at, updated_at)
    VALUES ('060c8aa7-0584-45b9-a0e5-711f05542884', 'a1c338a0-a809-4be3-8912-7bee20e2b29b', '060c8aa7-0584-45b9-a0e5-711f05542884', 'Uswatun Hasanah ~Bakauheni, 14 Juli 2010~1801165406100001~Perempuan~Anak Tidak Mampu~SMPN 2 Kalianda / IX~Way Muli Lampung Selatan ~Sakiran~Petani ~-', 'aktif', NOW(), NOW());


    INSERT INTO anaks (id, user_id, pendaftarans_id, biodata, status, created_at, updated_at)
    VALUES ('25be3361-ece0-4dcf-b6c0-884b6af66747', '7c556149-1602-4157-905c-5366c66fa29d', '25be3361-ece0-4dcf-b6c0-884b6af66747', 'Devina ~Jembat Besi, 25 Juni 2010~1801066506100012~Perempuan~Anak Tidak Mampu~SMPN 2 Kalianda / IX~Gunung Terang Kalianda Lam-sel~Syamsuri~Petani~-', 'aktif', NOW(), NOW());


    INSERT INTO anaks (id, user_id, pendaftarans_id, biodata, status, created_at, updated_at)
    VALUES ('5ca6c14b-ac7b-4e2b-b42b-8d08a466fed2', '77e4c370-bce5-47ae-9b4b-ec46291def15', '5ca6c14b-ac7b-4e2b-b42b-8d08a466fed2', 'Wulan Safitri ~Karang Sari, 29 September 2009~1801146909090006~Perempuan~Anak Tidak Mampu~SMPN 2 Kalianda / IX~Sumber Agung Kec. Sragi Lam-Sel ~Supri~Petani ~-', 'aktif', NOW(), NOW());


    INSERT INTO anaks (id, user_id, pendaftarans_id, biodata, status, created_at, updated_at)
    VALUES ('ba05d961-2328-4dee-a18b-8457a3b80080', '2e62a326-ad7e-457e-aeff-f10f262aad25', 'ba05d961-2328-4dee-a18b-8457a3b80080', 'Yulia Fitri~Suak, 07 Juli 2012~1801074707120003~Perempuan~Anak Yatim~SMPM 1 Kalianda / IX~Suak Kec. Sidomulyo Lampung Selatan~Ilawati~IRT~-', 'aktif', NOW(), NOW());


    INSERT INTO anaks (id, user_id, pendaftarans_id, biodata, status, created_at, updated_at)
    VALUES ('38c23cb8-5bf4-4054-ab9c-3bc33a3cb8cc', 'a93e9a7a-0603-488c-9b84-556f5e91c1c0', '38c23cb8-5bf4-4054-ab9c-3bc33a3cb8cc', 'Alisa Angraini~Agom, 05 Mei 2009~1801064505090002~Perempuan~Anak Piatu~SMPM 1 Kalianda / IX~Agom Kec. Kalianda Lampung Selatan~Sulaiman~Petani~-', 'aktif', NOW(), NOW());


    INSERT INTO anaks (id, user_id, pendaftarans_id, biodata, status, created_at, updated_at)
    VALUES ('874e8ca6-8a42-4cde-a89f-aafd6a98988c', '086505cd-3d11-4d50-877f-6edd76003143', '874e8ca6-8a42-4cde-a89f-aafd6a98988c', 'Muhammad Al Rendi Zasr~Tanggamus, 05 Juli 2009~1806090507090002~Laki-laki~Anak Yatim~SMPN 1 Kalianda / VIII~Tanggamus, Cukuh Balak Putih doh ~Zaira Subani~Buruh~-', 'aktif', NOW(), NOW());


    INSERT INTO anaks (id, user_id, pendaftarans_id, biodata, status, created_at, updated_at)
    VALUES ('cc41c769-75b9-42ba-a050-51103c36dd9f', '92d42d5e-f2e2-4a4c-9a0d-273eafb7fb9d', 'cc41c769-75b9-42ba-a050-51103c36dd9f', 'Olva Firmansyah~Taman Baru, 02 September 2011~1801090209110001~Laki-laki~Anak Piatu~SMPN 1 Kalianda / VIII~Taman Baru Kec. Penengahan Lam-Sel~M Dasuki~Petani~-', 'aktif', NOW(), NOW());


    INSERT INTO anaks (id, user_id, pendaftarans_id, biodata, status, created_at, updated_at)
    VALUES ('e2c2b40f-71bc-4374-a40c-9daf4d69b45d', '77e4c370-bce5-47ae-9b4b-ec46291def15', 'e2c2b40f-71bc-4374-a40c-9daf4d69b45d', 'Arfin Saputra~Karang Sari, 18 September 2010~1801141809100003~Laki-laki~Anak Tidak Mampu~SMPN 1 Kalianda / VIII~Sumber Agung Kec. Sragi Lam-Sel ~Supri~Petani ~-', 'aktif', NOW(), NOW());


    INSERT INTO anaks (id, user_id, pendaftarans_id, biodata, status, created_at, updated_at)
    VALUES ('3d9d0de6-1ca0-4647-a586-a1edda0ac9b8', '6ae7069e-9a04-4a37-951b-80419fd4a09c', '3d9d0de6-1ca0-4647-a586-a1edda0ac9b8', 'Alfa Nizar~Canggung, 24 Januari 2012~1801162401120001~Laki-laki~Anak Tidak Mampu~SMPN 1 Kalianda / VIII~Canggung Kec. Rajabasa Lampung Selatan~Ahmad Fauzi~Petani~-', 'aktif', NOW(), NOW());


    INSERT INTO anaks (id, user_id, pendaftarans_id, biodata, status, created_at, updated_at)
    VALUES ('1c9f767d-de49-4434-bd28-6891d0470884', 'a90c64a6-c136-4cab-845e-c79e60a8449b', '1c9f767d-de49-4434-bd28-6891d0470884', 'Assriyanti~Betung, 21 September 2011~1801166109110004~Perempuan~Anak Tidak Mampu~SMPN 1 Kalianda / VIII~Canggung Kec. Rajabasa Lampung Selatan~Aswan Efendi~Nelayan~-', 'aktif', NOW(), NOW());


    INSERT INTO anaks (id, user_id, pendaftarans_id, biodata, status, created_at, updated_at)
    VALUES ('6acb31c0-9e3b-4ee2-8f17-9e80b7b270a7', 'fb66402b-a40f-458a-9e40-4358ab967fb2', '6acb31c0-9e3b-4ee2-8f17-9e80b7b270a7', 'Seni Mailia~Karang Sari, 29 Juni 2009~1801146906090009~Perempuan~Anak Tidak Mampu~SMPN 2 Kalianda / VIII~Sri Pondowo Kec. Ketapang Lam-Sel~Katimin~Petani~-', 'aktif', NOW(), NOW());


    INSERT INTO anaks (id, user_id, pendaftarans_id, biodata, status, created_at, updated_at)
    VALUES ('ff8c9979-70cf-4d38-8049-52e48285450d', '133b1112-f46e-417b-965e-3a7bda71454a', 'ff8c9979-70cf-4d38-8049-52e48285450d', 'Nurul Assyifa~Suka Banjar, 16 April 2010~1801075604100002~Perempuan~Anak Piatu~SMPN 2 Kalianda / VII~Sukabanjar Kec. Sidomulyo Kab. Lam-Sel~Udin Suyanto~Wiraswata~-', 'aktif', NOW(), NOW());


    INSERT INTO anaks (id, user_id, pendaftarans_id, biodata, status, created_at, updated_at)
    VALUES ('a59be633-8e77-42a5-a465-b3e5bcedd57f', '57bac151-2f6c-40c3-b7e8-5fb36f9273f8', 'a59be633-8e77-42a5-a465-b3e5bcedd57f', 'Ayu Rianti ~Canggu, 12 Februari  2010~1801065202100003~Perempuan~Anak Tidak Mampu~SMPN 2 Kalianda / VII~Tajimalela Kalianda Lam-Sel~Herliansah~Petani~-', 'aktif', NOW(), NOW());


    INSERT INTO anaks (id, user_id, pendaftarans_id, biodata, status, created_at, updated_at)
    VALUES ('1ea37a35-9df6-454f-9406-2226d10a7d3c', '57bac151-2f6c-40c3-b7e8-5fb36f9273f8', '1ea37a35-9df6-454f-9406-2226d10a7d3c', 'Riska  ~Canggu, 16 Januari 2011~1801065601110003~Perempuan~Anak Tidak Mampu~SMPN 2 Kalianda / VII~Tajimalela Kalianda Lam-Sel~Herliansah~Petani~-', 'aktif', NOW(), NOW());


    INSERT INTO anaks (id, user_id, pendaftarans_id, biodata, status, created_at, updated_at)
    VALUES ('0ae9a088-245a-480e-b2fa-efc0b6a4ebbf', 'ea367b6b-e261-4f1b-9728-4996a76565bf', '0ae9a088-245a-480e-b2fa-efc0b6a4ebbf', 'Windi Ayudia~Tetaan~1801145901110001~Perempuan~Anak Yatim~SMPN 2 Kalianda / VII~Karang Sari Kec. Ketapang Lam-Sel~Partiyem~IRT~-', 'aktif', NOW(), NOW());


    INSERT INTO anaks (id, user_id, pendaftarans_id, biodata, status, created_at, updated_at)
    VALUES ('962604af-4cf9-4520-be72-ba7272c5f416', '086505cd-3d11-4d50-877f-6edd76003143', '962604af-4cf9-4520-be72-ba7272c5f416', 'Muhammad Oziel Zaslan~Tanggamus, 18 Januari 2012~1806091801120001~Laki-laki~Anak Yatim~SMPN 2 Kalianda / VII~Tanggamus, Cukuh Balak Putih doh ~Zaira Subani~Buruh~-', 'aktif', NOW(), NOW());


    INSERT INTO anaks (id, user_id, pendaftarans_id, biodata, status, created_at, updated_at)
    VALUES ('6cb1272a-0667-4d85-842a-b69433f43268', '3ddfec92-a8d2-4a93-9b45-c556d124ec1d', '6cb1272a-0667-4d85-842a-b69433f43268', 'Afriyansyah~Jondong, 20 April 2012~1801062004120001~Laki-laki~Anak Tidak Mampu~SMPN 2 Kalianda / VII~Jondong Kec. Kalianda Lam-Sel~Syahruddin~Petani~-', 'aktif', NOW(), NOW());


    INSERT INTO anaks (id, user_id, pendaftarans_id, biodata, status, created_at, updated_at)
    VALUES ('ef58109e-fc44-4c6a-96d4-a8ce232c4157', 'ad041a21-5bb8-46bf-81b9-332b963169e2', 'ef58109e-fc44-4c6a-96d4-a8ce232c4157', 'Evita Hijriawati~Juku Batu, 15 Oktober 2011~1801085510110005~Perempuan~Anak Tidak Mampu~SDN Kedaton / VI~Sidomakmur Kec. Way Panji  Lam-Sel~Karmo~Petani~-', 'aktif', NOW(), NOW());


    INSERT INTO anaks (id, user_id, pendaftarans_id, biodata, status, created_at, updated_at)
    VALUES ('a64955c3-5edd-4139-a1b5-5c8c810ff4f5', '20d38a18-4f7a-44e1-8299-cd6bc43dbde6', 'a64955c3-5edd-4139-a1b5-5c8c810ff4f5', 'Seftia Amira~Canggu, 09 September 2011~1801064909110004~Perempuan~Anak Tidak Mampu~SDN Kedaton / VI~Canggu Kec. Kalianda Lam-Sel~Johansyah~Petani~-', 'aktif', NOW(), NOW());


    INSERT INTO anaks (id, user_id, pendaftarans_id, biodata, status, created_at, updated_at)
    VALUES ('27e9c3fc-5e7a-4273-a813-2eb21049e88c', '57bac151-2f6c-40c3-b7e8-5fb36f9273f8', '27e9c3fc-5e7a-4273-a813-2eb21049e88c', 'Rijal Ambriansah ~Canggu, 11 April 2013~1801061104130006~Laki-laki~Anak Tidak Mampu~SDN Kedaton / V~Tajimalela Kalianda Lam-Sel~Herliansah~Petani~-', 'aktif', NOW(), NOW());


    INSERT INTO anaks (id, user_id, pendaftarans_id, biodata, status, created_at, updated_at)
    VALUES ('0da2580c-2043-46bf-912e-76fd64e6848d', '92d42d5e-f2e2-4a4c-9a0d-273eafb7fb9d', '0da2580c-2043-46bf-912e-76fd64e6848d', 'Olvi Aprilia~Taman Baru, 11 April 2014~1801095104140001~Perempuan~Anak Piatu~SDN Kedaton / V~Taman Baru Kec. Penengahan Lam-Sel~M Dasuki~Petani~-', 'aktif', NOW(), NOW());


    INSERT INTO anaks (id, user_id, pendaftarans_id, biodata, status, created_at, updated_at)
    VALUES ('7bfce34e-9123-41e5-aae6-ea0d25d2af1d', '893145a6-c77d-44ea-9a17-6440fae43c66', '7bfce34e-9123-41e5-aae6-ea0d25d2af1d', 'Nabilla Ilaeka Sidik~Gunung Sugih, 12 September 2013~1802155209130002~Perempuan~Anak Tidak Mampu~SDN Kedaton / V~Goras Jaya Kec. Bekri Lam-Teng~Imam Sidik~Wiraswasta~-', 'aktif', NOW(), NOW());


    INSERT INTO anaks (id, user_id, pendaftarans_id, biodata, status, created_at, updated_at)
    VALUES ('07d04c9a-ae63-42ca-9492-25f82b1e872d', '88530a01-eadb-4c4a-a6fa-b577224c197a', '07d04c9a-ae63-42ca-9492-25f82b1e872d', 'Revan Rajabi ~Canggu, 27 Mei 2013~1801062705130002~Laki-laki~Anak Tidak Mampu~SDN Kedaton / IV~Negeri Pandan Lampung Selatan ~Ilyas~Petani~-', 'aktif', NOW(), NOW());


    INSERT INTO anaks (id, user_id, pendaftarans_id, biodata, status, created_at, updated_at)
    VALUES ('0f848de5-267d-40b7-a9f7-0c5c5ce9794b', 'bc03fa08-13d3-4253-a864-25d6c26ac515', '0f848de5-267d-40b7-a9f7-0c5c5ce9794b', 'Nabila Putri Aulia~Tangerang, 3 Desember 2012~1801064312120003~Perempuan~Anak Tidak Mampu~SDN Kedaton / IV~Pematang Kec. Kalianda Lam-Sel ~Bah Sanuri~Petani~-', 'aktif', NOW(), NOW());


    INSERT INTO anaks (id, user_id, pendaftarans_id, biodata, status, created_at, updated_at)
    VALUES ('cda61407-d845-421a-a651-ad611e798975', 'bc03fa08-13d3-4253-a864-25d6c26ac515', 'cda61407-d845-421a-a651-ad611e798975', 'Hengky Erlangga Putra~Tangerang, 26 Juli 2015~1801062607150000~Laki-laki~Anak Tidak Mampu~SDN Kedaton / IV~Pematang Kec. Kalianda Lam-Sel ~Bah Sanuri~Petani~-', 'aktif', NOW(), NOW());


    INSERT INTO anaks (id, user_id, pendaftarans_id, biodata, status, created_at, updated_at)
    VALUES ('bb0f3050-8ecc-4ab0-bf00-331c4bc0506b', '437b55df-79f0-4363-8a5e-ff437b499823', 'bb0f3050-8ecc-4ab0-bf00-331c4bc0506b', 'Hafis Afrizal Bastian~Gunung Tapa, 19 Agustus 2015~1801061908150002~Laki-laki~Anak Tidak Mampu~SDN Kedaton / II~Wai Lubuk Kec. Kalianda Lampung Selatan~Janati~IRT~-', 'aktif', NOW(), NOW());


    INSERT INTO anaks (id, user_id, pendaftarans_id, biodata, status, created_at, updated_at)
    VALUES ('b2eced59-3812-436a-920e-65d1edd87258', 'f5171a66-248f-48dd-8394-e5606a51206c', 'b2eced59-3812-436a-920e-65d1edd87258', 'Muhammad Andi Boy Rohim~Lampung Selatan, 6 Desember 2016~1801060612160003~Laki-laki~Anak Tidak Mampu~SDN Kedaton / I~Hara Banjar Manis Kec. Kalianda Lam-Sel~Solihin Manan~Petani~-', 'aktif', NOW(), NOW());
